id,first_name,last_name,phone,email,username,password,billing_address
1,Britanni,Schmidt,546190146,tellus@gmail.com,Britanni,Britanni,101
2,Hyacinth,Klein,841055451,lorem@gmail.com,Hyacinth,Hyacinth,102
3,Aileen,Frye,648251982,vel@gmail.com,Aileen,Aileen,103
4,Jack,Donovan,613598312,sagittis@gmail.com,Jack,Jack,104
5,Renee,David,331958762,enim@gmail.com,Renee,Renee,105
6,Roth,Dodson,232432781,sodales@gmail.com,Roth,Roth,6
7,Rajah,Nieves,649479057,euismod@gmail.com,Rajah,Rajah,7
8,Jarrod,Owens,436280453,orci@gmail.com,Jarrod,Jarrod,8
9,Solomon,Lowery,457742854,dolor@gmail.com,Solomon,Solomon,9
10,Erin,Justice,222341240,ullamcorper@gmail.com,Erin,Erin,10
11,Quamar,Travis,491004839,neque@gmail.com,Quamar,Quamar,11
12,Brent,Ellis,619536442,mauris@gmail.com,Brent,Brent,12
13,Dai,Townsend,566114312,at@gmail.com,Dai,Dai,13
14,Glenna,Washington,223813469,Sed@gmail.com,Glenna,Glenna,14
15,Fatima,Carroll,839519672,est@gmail.com,Fatima,Fatima,15
16,Chase,Hooper,907427421,lectus@gmail.com,Chase,Chase,16
17,Steven,Duke,225587962,montes@gmail.com,Steven,Steven,17
18,Yvette,Rollins,981427925,amet@gmail.com,Yvette,Yvette,18
19,Aristotle,Rodgers,752519344,feugiat@gmail.com,Aristotle,Aristotle,19
20,Dean,Burks,675641537,risus.@gmail.com,Dean,Dean,20
21,Cairo,Pate,860976601,accumsan@gmail.com,Cairo,Cairo,21
22,Logan,Mcgowan,354152145,Aliquam@gmail.com,Logan,Logan,22
23,Hayley,Bush,478645157,imperdiet@gmail.com,Hayley,Hayley,23
24,Matthew,Hurst,517927882,imperd@gmail.com,Matthew,Matthew,24
25,Jamal,Morse,493241145,arytqo@gmail.com,Jamal,Jamal,25
26,Cheryl,Garcia,104095337,consectetuer@gmail.com,Cheryl,Cheryl,26
27,Mallory,Moore,592650123,dis@gmail.com,Mallory,Mallory,27
28,Nita,Snider,653184421,erat.@gmail.com,Nita,Nita,28
29,Gavin,Daniels,456780102,natoque@gmail.com,Gavin,Gavin,29
30,Nomlanga,Lee,445136565,purus@gmail.com,Nomlanga,Nomlanga,30
31,Kristen,Hendricks,567823964,vehicula@gmail.com,Kristen,Kristen,31
32,Haviva,Newman,440170990,ornare@gmail.com,Haviva,Haviva,32
33,Hiroko,Baxter,376986147,neque.@gmail.com,Hiroko,Hiroko,33
34,Elmo,Stark,805280404,Integer@gmail.com,Elmo,Elmo,34
35,Keefe,Chen,551070700,eget@gmail.com,Keefe,Keefe,35
36,Beck,Vasquez,611170557,sociis@gmail.com,Beck,Beck,36
37,Gregory,Jefferson,695219115,Donec@gmail.com,Gregory,Gregory,37
38,Armand,Rocha,755699867,nec@gmail.com,Armand,Armand,38
39,Ross,Davenport,403868466,risus@gmail.com,Ross,Ross,39
40,Shafira,Haney,370148931,interdum.@gmail.com,Shafira,Shafira,40
41,Melyssa,Fox,693561132,Duis@gmail.com,Melyssa,Melyssa,41
42,Jeremy,King,714437354,mollis.@gmail.com,Jeremy,Jeremy,42
43,Peter,Davis,491653844,id@gmail.com,Peter,Peter,43
44,Clementine,Bradley,134217103,a@gmail.com,Clementine,Clementine,44
45,Jelani,Madden,110716458,loremqgrzg@gmail.com,Jelani,Jelani,45
46,Hadassah,Vincent,518960379,risusqzgrqz@gmail.com,Hadassah,Hadassah,46
47,Kevin,Brady,964989844,Loremaref@gmail.com,Kevin,Kevin,47
48,Tanisha,Watson,425124751,parturient@gmail.com,Tanisha,Tanisha,48
49,Maryam,Moody,962046585,urna.@gmail.com,Maryam,Maryam,49
50,Catherine,Powell,238787067,magna.@gmail.com,Catherine,Catherine,50
51,Thomas,Potter,458437527,eleifend@gmail.com,Thomas,Thomas,51
52,Ciaran,Morris,833693947,sit@gmail.com,Ciaran,Ciaran,52
53,Tanek,Luna,877419992,in@gmail.com,Tanek,Tanek,53
54,Ruth,Walker,786074491,mauris.qgr@gmail.com,Ruth,Ruth,54
55,Brenna,Schwartz,284140017,aliquet@gmail.com,Brenna,Brenna,55
56,Inga,Harmon,258310750,ultrices@gmail.com,Inga,Inga,56
57,Seth,Russo,742200892,tempor@gmail.com,Seth,Seth,57
58,Desiree,Reeves,654316962,quis@gmail.com,Desiree,Desiree,58
59,Elvis,Massey,791177555,mus.@gmail.com,Elvis,Elvis,59
60,Buffy,Hill,797547574,iaculis@gmail.com,Buffy,Buffy,60
61,Imani,Rosario,816328575,Nunc@gmail.com,Imani,Imani,61
62,Alec,Barber,202415572,diam.@gmail.com,Alec,Alec,62
63,Jordan,Roman,875843767,Quisque@gmail.com,Jordan,Jordan,63
64,Tatyana,Mcdonald,876983033,auctor@gmail.com,Tatyana,Tatyana,64
65,Dustin,Kennedy,260653342,per@gmail.com,Dustin,Dustin,65
66,Haley,Herrera,525784467,dapibus@gmail.com,Haley,Haley,66
67,Colton,Bruce,910538382,odio.@gmail.com,Colton,Colton,67
68,Robin,Albert,208964983,et@gmail.com,Robin,Robin,68
69,Jana,Knox,865982674,condimentum@gmail.com,Jana,Jana,69
70,Piper,Schroeder,323783491,aliquet.@gmail.com,Piper,Piper,70
71,Alfreda,Hebert,609878424,tortor@gmail.com,Alfreda,Alfreda,71
72,Todd,Dunn,779707219,malesuada@gmail.com,Todd,Todd,72
73,Kyle,Murray,318223380,zgqgw@gmail.com,Kyle,Kyle,73
74,Ora,Terry,621051529,arcu.@gmail.com,Ora,Ora,74
75,Brielle,Bradford,603947297,dictum.@gmail.com,Brielle,Brielle,75
76,Driscoll,Lyons,133876862,fringilla@gmail.com,Driscoll,Driscoll,76
77,Garrison,Mcclure,165584914,quam@gmail.com,Garrison,Garrison,77
78,Shaine,Newton,386350071,Fusce@gmail.com,Shaine,Shaine,78
79,Fulton,Henson,232743347,tincidunt@gmail.com,Fulton,Fulton,79
80,Castor,Woodard,609972792,Phasellus@gmail.com,Castor,Castor,80
81,Dylan,Webster,891456970,rutrum@gmail.com,Dylan,Dylan,81
82,Nathaniel,Mathews,914758790,Proin@gmail.com,Nathaniel,Nathaniel,82
83,Rae,Bowers,133515599,semper@gmail.com,Rae,Rae,83
84,Raphael,Carson,511639858,erat.gw@gmail.com,Raphael,Raphael,84
85,Justin,Anthony,421512083,azerty@gmail.com,Justin,Justin,85
86,Cecilia,Stevens,973096185,poiuyt@gmail.com,Cecilia,Cecilia,86
87,Iola,Gamble,145165587,qsdfg@gmail.com,Iola,Iola,87
88,Aphrodite,Chaney,563108484,mlkjh@gmail.com,Aphrodite,Aphrodite,88
89,Daphne,Nichols,480466856,wxccv@gmail.com,Daphne,Daphne,89
90,Ryder,Levy,566029005,nbvc@gmail.com,Ryder,Ryder,90
91,Duncan,Spears,693092133,aqwxsz@gmail.com,Duncan,Duncan,91
92,Katelyn,Perkins,572188989,zsxwqa@gmail.com,Katelyn,Katelyn,92
93,Lucian,Wiley,750882316,edcvfr@gmail.com,Lucian,Lucian,93
94,Burke,Nguyen,819386952,rfvcde@gmail.com,Burke,Burke,94
95,Laith,Derida,155854584,tgbnhy@gmail.com,Laith,Laith,95
96,Garth,Decartes,278479297,yhnbgt@gmail.com,Garth,Garth,96
97,Selma,Socrate,575446291,yhnju@gmail.com,Selma,Selma,97
98,Maissa,Neitsche,949542002,ikjuy@gmail.com,Maissa,Maissa,98
99,Aya,Platon,426788950,pmloik@gmail.com,Aya,Aya,99
100,Ismy,Freud,394870588,ujikolp@gmail.com,Ismy,Ismy,100